N,P,K,pH,Moisture,Temperature,Recommended Crop,Recommended Fertilizer & Quantity,Predicted Yield
51,75,65,4.6306362431379835,22.988083931873337,23.790155608951036,Rice,DAP-205kg/ha,5.2521429596855285
92,45,89,6.402384767288034,18.420346622110202,16.344812681040732,Soybeans,Urea-62kg/ha,5.424520103562976
14,31,12,6.130992420010929,11.500439553966979,24.2937893689033,Rice,Compost-320kg/ha,1.1659078873066775
71,78,55,5.14487524790049,88.61808378206932,31.414716816314606,Cotton,Compost-269kg/ha,2.3315926489657364
60,79,30,7.125638414002628,31.28274210148251,27.29082036442631,Soybeans,DAP-287kg/ha,4.403393367046675
20,53,33,8.384603629473144,29.035607435359125,31.643249074582368,Soybeans,NPK-380kg/ha,7.153576241594852
82,85,38,6.748755244258101,76.2431860383459,24.88023341198611,Wheat,Compost-400kg/ha,3.0557661114874226
86,91,66,7.359013105775784,38.801450177865256,17.36923410188964,Cotton,Compost-275kg/ha,4.807130016175864
74,19,7,4.773801810264067,55.54402231706529,15.27279691671762,Wheat,Compost-443kg/ha,6.016105582448201
74,32,86,6.170667983267979,24.625995876771064,21.064390934371822,Wheat,Urea-222kg/ha,8.997332451609628
87,73,77,4.9654339406579835,96.37711493157722,28.95980942995585,Maize,Compost-334kg/ha,3.93463452094411
99,39,54,6.951183342146042,86.64232600155137,30.805198078833875,Wheat,Urea-358kg/ha,2.2020243927713516
23,31,26,8.253928632856619,87.7410660668503,20.915056692406587,Rice,NPK-200kg/ha,5.403450033078474
2,96,92,7.147110929886554,46.60963737148047,24.91307841766494,Soybeans,NPK-227kg/ha,7.720494415156558
21,1,52,4.807212193257686,78.61250923364555,23.422378088681633,Wheat,NPK-161kg/ha,1.988737813474601
52,96,38,5.918664819940331,22.948853985080213,23.210455687028556,Rice,DAP-187kg/ha,4.822151425272644
1,32,64,6.702653517763406,10.775710233260225,19.62697426400301,Cotton,NPK-381kg/ha,1.1600662713623509
87,76,16,6.112831024533008,11.79756393202253,17.727422100589166,Soybeans,Urea-430kg/ha,1.3020326348252602
29,29,29,7.834576041900689,62.79415636641044,18.93377116462426,Cotton,DAP-210kg/ha,5.346580268949991
37,32,52,7.758684018839957,50.98554147231467,16.106647743266922,Rice,Urea-127kg/ha,3.683775683358365
1,76,12,6.947324080412885,56.621381401766776,18.96261483647154,Cotton,Urea-369kg/ha,8.60596569104871
63,25,20,5.9938317805308206,10.671682637549747,15.184017952507588,Cotton,NPK-434kg/ha,6.419388755138089
59,21,18,5.521345495052977,48.04179576916832,27.545168012719564,Cotton,NPK-412kg/ha,5.085396655686913
20,65,52,4.923497272852517,74.62613450807747,21.327508147753658,Wheat,Compost-429kg/ha,4.6714183394886675
32,37,18,5.919590733946216,49.842433177069225,34.462894228538175,Wheat,DAP-85kg/ha,5.475209321706069
75,89,56,6.1526900688308785,75.8997285681,18.874341015525957,Wheat,DAP-487kg/ha,1.363949480913952
57,45,24,7.203291700416294,30.97170679571513,21.916571406191878,Soybeans,Urea-81kg/ha,9.03514020778594
21,14,85,7.132639297190294,83.1827804033553,22.156823172830663,Rice,Urea-223kg/ha,9.984728401605626
88,97,30,4.780432558565028,62.95881164081071,15.16902992124921,Wheat,Urea-210kg/ha,2.633384123728288
48,43,80,6.0810372617246315,28.96867894869156,31.78415906078918,Cotton,Urea-300kg/ha,2.0834466829715774
90,48,54,5.227115468869448,31.304842826844965,15.639889202886494,Cotton,DAP-328kg/ha,2.292197171037357
58,74,22,5.127250821267223,66.52274181125833,33.803596694584826,Cotton,DAP-232kg/ha,6.9492435241093045
41,60,31,7.809208598948984,84.6945633891199,32.84148702187241,Cotton,Urea-243kg/ha,6.952967546056972
91,66,61,4.66766086686503,47.40650038262397,25.710438321719273,Maize,Urea-296kg/ha,8.631317460505699
59,5,73,6.176731503608485,33.2470386214833,25.871911498225842,Soybeans,DAP-462kg/ha,7.766437495836279
79,8,9,5.172814623066072,88.03104462195404,28.075558459123126,Rice,Compost-159kg/ha,5.047207060324058
14,5,99,8.017320862713897,70.23414625757513,22.74100023869774,Rice,Compost-372kg/ha,6.515698254087869
61,72,71,6.7281620531001405,50.32769385547689,27.944445667957112,Wheat,DAP-120kg/ha,7.194562033312071
61,94,53,5.425522545507392,53.911017575137166,15.895367773769738,Maize,Compost-334kg/ha,5.614628232567027
46,31,51,6.509709148665506,28.383082114275677,16.08095254699453,Rice,DAP-470kg/ha,5.28085886006473
61,40,19,7.425945438812463,66.41223670583595,24.144608392390886,Soybeans,NPK-277kg/ha,6.805877010783879
50,75,31,8.332472035677736,42.28682594885998,25.9924460221207,Cotton,DAP-350kg/ha,6.017270940780883
54,7,13,5.381784016981676,99.60806590069143,32.75635280671638,Wheat,Compost-80kg/ha,6.795480748023193
63,71,49,8.04472708851738,53.21651637356991,17.093212678157926,Soybeans,Urea-355kg/ha,6.515692965670275
2,49,27,8.23721645666996,53.72970455706518,31.452958543877788,Rice,NPK-259kg/ha,7.472769044622892
50,91,52,8.165682178128264,60.92666086696047,19.200946745841392,Maize,Urea-495kg/ha,6.785231579045885
6,61,23,7.041657427447639,92.50804028068721,22.881672970200636,Wheat,Compost-476kg/ha,5.6776823779354055
20,83,78,7.019282617738831,82.07362898737753,21.332048696548256,Rice,Compost-64kg/ha,7.136171301559479
72,61,21,6.112842532735291,50.601706281805725,23.00310545730798,Wheat,Compost-354kg/ha,5.045337686668852
38,6,29,7.509591529215152,74.68293393755164,18.00990996145171,Rice,NPK-221kg/ha,3.175041033753409
17,74,62,6.625176073403727,62.76119489026855,25.0714014880711,Cotton,Urea-69kg/ha,1.0127639812052391
3,83,3,7.209752284913177,54.3130343831124,31.032851796627344,Maize,Urea-57kg/ha,6.0396773243125885
88,79,76,6.213831615395182,27.308419550591548,23.830680207577938,Cotton,NPK-83kg/ha,6.315897039477769
59,3,58,7.425985856172556,51.75426371094018,24.812271517963982,Rice,NPK-273kg/ha,9.748440682981428
13,5,86,7.797886070418196,32.123672832031716,31.975351705626284,Soybeans,DAP-295kg/ha,4.25330500684848
8,57,7,5.0857450264112645,92.33579348664892,29.121162292760616,Cotton,Urea-309kg/ha,4.547199185454806
89,21,81,7.831718862296912,40.186613214671226,24.809088170395697,Soybeans,Compost-291kg/ha,2.816196232079712
52,25,11,6.661186127161229,95.70376130800351,20.153912963783593,Rice,DAP-73kg/ha,1.6348086571358973
1,2,30,7.878663636360898,57.97497610852401,32.698534936899335,Maize,Compost-104kg/ha,7.955240435755665
83,40,77,6.225206825364058,66.83899408085443,26.54040803381117,Soybeans,Urea-330kg/ha,3.247129579053925
91,59,33,6.01616194153214,58.8646400040395,19.422952202213867,Rice,Compost-376kg/ha,6.480143749270342
59,13,81,8.16024293006889,21.644255527003082,20.38239505276021,Soybeans,Urea-235kg/ha,7.189957319909333
70,74,97,5.504677070193605,43.82390971071469,31.06266177872492,Cotton,DAP-61kg/ha,5.241130185624829
43,81,74,7.876849301144572,18.923150104986156,15.88291124174911,Rice,NPK-421kg/ha,8.887169017244725
7,11,75,6.436082290037616,66.06586397650435,34.8418437405764,Cotton,Urea-458kg/ha,4.994153568817559
46,86,48,6.556381770205039,50.2186775680395,17.607033594295835,Wheat,Compost-182kg/ha,3.564177607375886
34,11,78,5.7338731259579365,80.01864744138432,30.921370507938747,Rice,DAP-245kg/ha,9.0641397066546
77,12,56,6.792168802476063,29.842343289943287,22.89550633543366,Soybeans,Urea-331kg/ha,8.754078558249608
80,24,94,5.800844785104845,24.810945258640142,24.844323665749336,Wheat,NPK-152kg/ha,2.476359523687717
35,44,92,4.657077656966609,46.569900786739105,32.613011549291556,Cotton,Compost-232kg/ha,1.2336491651852886
49,18,25,5.587994421377424,93.3926844896543,23.258223791784264,Cotton,DAP-58kg/ha,1.809870007146586
3,54,17,4.525516173626363,73.93796335111705,25.74987507346469,Soybeans,NPK-293kg/ha,3.5789265869843536
1,99,95,8.413419148227426,47.70312623136268,15.985993248183398,Wheat,Urea-161kg/ha,9.750338215675397
5,44,85,8.36298883927899,56.55449527788795,15.046949477349063,Maize,DAP-442kg/ha,6.026645378447426
53,7,37,6.08062118988922,17.57917100593885,19.89599746003452,Soybeans,DAP-86kg/ha,4.359355588263419
3,92,80,7.413483417358584,98.61183067385018,28.611661858375346,Cotton,Urea-176kg/ha,8.998444851514718
53,52,86,5.8832243936417,69.9766574225427,17.425297867182735,Rice,NPK-389kg/ha,5.078226983306497
92,54,87,7.184372628343905,35.68636616170802,17.275239176090988,Wheat,Compost-401kg/ha,3.83714765560919
62,31,49,7.721720172183916,62.72275547937199,23.219212160718065,Maize,DAP-198kg/ha,9.470975758710917
17,50,7,8.287024978768963,19.85341294620946,27.95674077216453,Rice,NPK-154kg/ha,8.645658995734102
89,43,40,6.100849103398688,96.92530019268253,29.24143984495861,Wheat,DAP-270kg/ha,8.593015378774968
43,81,5,7.633191931824191,25.730648909502932,18.569013481967495,Soybeans,Urea-400kg/ha,5.610562687451917
33,69,68,5.563713802528476,68.32272862496927,16.59176294744085,Soybeans,Urea-55kg/ha,8.104945589339096
73,17,43,8.461329215174594,32.090901628503744,33.80794067891088,Wheat,Compost-348kg/ha,2.6141802333809667
61,82,63,4.603078395057405,74.58052443836822,20.213327651242032,Maize,NPK-91kg/ha,6.159006618006193
99,21,28,6.914115226004483,79.91392305162529,32.066929952174476,Wheat,DAP-434kg/ha,9.854613305627911
13,36,27,7.1380239266053085,70.60777560202894,32.26982900925637,Rice,Compost-488kg/ha,3.618625874661655
94,95,10,7.252182228296515,65.30495142296732,30.450451835250888,Rice,DAP-96kg/ha,8.149170963229077
47,55,64,4.9815503151563565,90.32221845568105,18.3766721330514,Soybeans,NPK-223kg/ha,5.414305664872606
14,58,18,8.254119133892521,17.076403989078223,31.436029185084006,Wheat,Urea-248kg/ha,1.3582511489987859
71,2,8,5.224733116200332,39.782328920217566,30.385011184831733,Soybeans,NPK-297kg/ha,7.867174580341007
77,27,26,6.991013612959364,32.34587316677614,26.934459802124344,Maize,DAP-88kg/ha,2.517122299529015
86,73,33,5.390704316492339,98.92125658588795,21.744040703379056,Rice,Compost-180kg/ha,6.6832621041947515
61,34,43,5.728865668085083,45.045080170018615,20.25017208533088,Cotton,Urea-340kg/ha,1.770977746422756
39,60,67,6.685834166912498,75.93514293163588,17.43778424160718,Cotton,Urea-490kg/ha,9.521806577463684
84,92,99,6.168773674258306,71.62526474929041,25.19514133801743,Wheat,NPK-483kg/ha,3.625514984623248
79,53,81,5.140902403906026,29.087311372963995,26.70521751019693,Wheat,Urea-101kg/ha,3.0381822250965542
81,62,14,5.183745609683394,31.50979121903962,22.186779810315745,Cotton,Urea-63kg/ha,2.1622276365970086
52,78,50,6.172579152651199,35.31561071977307,24.50718135361737,Wheat,DAP-205kg/ha,9.51401974005143
23,96,12,7.5291319131020025,47.00145504334413,22.270289147385334,Rice,Urea-79kg/ha,7.407133681971747
25,6,82,8.091858587391155,31.08925590854741,27.820121146414024,Maize,Urea-440kg/ha,7.674947998462798
88,75,48,4.836510649037532,11.768633447216303,33.02518415593127,Maize,DAP-400kg/ha,5.494641052422201
59,48,69,6.072415630237604,89.1453751126476,18.2784052409389,Soybeans,NPK-212kg/ha,5.27255006743435
40,93,55,4.900982254891506,96.90488482427956,22.62817619806247,Rice,Urea-432kg/ha,1.9901911869232898
28,84,75,4.5663699225303915,40.74133483284112,17.817372079017225,Wheat,Compost-191kg/ha,6.038569860255926
14,30,50,7.146874730575826,40.46561914829256,27.49887540815664,Wheat,DAP-341kg/ha,3.222248455979114
44,57,36,6.909797767866351,10.638263149693389,29.577410189771918,Soybeans,DAP-201kg/ha,9.794307995203653
64,60,16,5.152076455259545,71.22256194973366,33.63825465194912,Soybeans,Compost-206kg/ha,8.169228460136326
88,23,57,5.435251332372257,84.28959061737659,20.5774385252193,Wheat,NPK-414kg/ha,4.716928541735989
70,19,86,4.594831014578073,23.194747032400286,34.0042241173086,Wheat,Urea-377kg/ha,2.3620713282237973
8,36,89,7.839788822777615,24.369971443043568,16.265253436413495,Rice,DAP-418kg/ha,8.067985220249057
87,3,28,8.398762384194207,81.10749249742939,27.060277267291763,Soybeans,NPK-165kg/ha,2.098483903731844
0,91,32,5.041838147178764,65.46616735187303,16.1426543868666,Rice,Compost-53kg/ha,2.7040037814736344
7,19,59,5.425900855061192,14.037450186494532,32.875483755238896,Wheat,DAP-451kg/ha,2.9036846596980466
87,59,90,7.973638095787736,66.02922914160536,25.596181141401082,Cotton,Urea-290kg/ha,6.012015744457849
62,23,88,8.205855191824739,37.802595055938944,28.38696701525592,Cotton,Urea-192kg/ha,8.083509885913298
10,49,54,6.178509531227242,43.185263992376136,31.63147851820905,Wheat,Urea-232kg/ha,3.82883390852223
80,48,9,4.702489889076297,79.27582764671922,18.006212449679374,Soybeans,NPK-65kg/ha,1.7620283284776046
7,50,46,4.657567334771278,82.98416734053495,15.771831238762676,Cotton,DAP-409kg/ha,5.1808461717197725
34,95,22,6.795799464276042,46.03209641558476,32.57762291825704,Soybeans,NPK-156kg/ha,7.732992170439419
34,35,84,6.0715804355727165,95.24376424057193,21.29866454917865,Cotton,DAP-211kg/ha,2.9949745877864946
32,97,20,4.614609710310618,46.5816446156865,17.579578158543306,Soybeans,DAP-318kg/ha,2.979320932354368
4,99,12,6.833009569250227,79.4652431707099,24.369224741741732,Cotton,Compost-204kg/ha,9.525043246120397
40,65,32,4.54521014635609,53.54895381078332,26.966121513920378,Soybeans,NPK-246kg/ha,9.587383544072601
27,78,23,7.649487832597092,90.77790938698756,15.619412068450202,Rice,DAP-135kg/ha,9.914191588554187
6,33,10,5.725731290813487,91.69851192851608,20.497913165141753,Soybeans,DAP-308kg/ha,8.268936414173021
72,35,16,4.661032012036928,17.86751270839755,15.65599748553792,Rice,Urea-198kg/ha,2.69365752251151
71,5,67,6.853408883932613,94.28439981792032,23.40670778390998,Rice,DAP-439kg/ha,2.907833687193352
11,38,46,6.090737657732219,84.29813573683741,32.902000581324884,Wheat,Compost-465kg/ha,4.062027173701528
33,41,24,8.395201653428598,81.21796428814002,34.65304822987139,Rice,Urea-239kg/ha,3.8631927820014176
32,57,93,6.676794650014809,28.08202057169702,27.74095107007255,Maize,NPK-465kg/ha,9.608749741702082
47,11,72,5.600956724148033,82.46072878791985,18.232753875691834,Rice,DAP-135kg/ha,8.101665845935242
22,2,20,7.337755458535899,86.51194612165331,33.11698779998612,Soybeans,Compost-472kg/ha,7.516079129453985
61,17,83,5.585968010170845,36.023530100873586,25.32495646400121,Rice,Compost-167kg/ha,2.6736690165231862
87,39,82,8.11697316563026,95.70340705260914,18.074986242058362,Soybeans,Urea-496kg/ha,9.185730034260967
36,20,82,5.998887882029505,14.487413175924782,33.43453338903323,Soybeans,Urea-464kg/ha,8.450833415555564
98,14,11,6.699474251104821,23.49183279224257,30.149381014462058,Maize,DAP-89kg/ha,2.4727765719513135
43,96,36,4.702292415296915,58.382302424636286,29.634105454463032,Rice,NPK-240kg/ha,8.840532987648754
85,98,41,6.204484951808923,61.82132240100787,29.183614075888094,Rice,NPK-469kg/ha,3.4502278273342415
90,25,16,7.82945415864398,68.0635074970813,19.006796421928847,Cotton,Compost-144kg/ha,1.7278277124889545
34,7,47,7.722595221453368,11.527221638391982,19.220133834150523,Cotton,Urea-472kg/ha,6.91140075862789
64,99,27,5.3972742354141054,96.43300971599173,28.7658599685451,Wheat,Urea-187kg/ha,6.884241934458975
98,93,40,5.404316284042251,14.01292834607296,19.394455002207938,Soybeans,DAP-337kg/ha,1.8543880860905628
46,86,98,7.769221248852947,22.875575745106214,23.773433936060975,Maize,NPK-213kg/ha,3.869666280429241
77,41,46,8.221593680677302,11.261306577345128,30.640036511878826,Cotton,Compost-449kg/ha,9.935330160299847
2,43,17,4.881443685092014,61.01725899646852,30.67905036195682,Rice,Compost-67kg/ha,7.105840003078632
0,13,77,6.300234557704901,93.9040195528875,24.065235450517193,Wheat,Compost-296kg/ha,7.570676499429963
4,77,98,5.849817115856916,69.93524494724178,30.8437987655049,Maize,Compost-380kg/ha,2.916255570438751
89,1,70,7.982753821829757,84.03917216323846,31.772435923961137,Rice,Urea-50kg/ha,1.7090386390352288
13,36,12,4.834099658720075,11.195308311272207,28.095515025685206,Rice,Urea-430kg/ha,3.492115207668439
26,68,81,5.34450377023215,58.781376863175346,19.568517046168402,Soybeans,NPK-343kg/ha,3.2400854667387278
8,37,12,7.509873350345977,51.360667975496966,20.480235607710952,Soybeans,Compost-94kg/ha,3.110896906732478
78,40,99,4.705175395924862,54.90711497987137,21.296823108174706,Cotton,Urea-386kg/ha,2.734788896983356
14,61,30,6.470141522857157,16.499186680166915,17.33608215467904,Cotton,NPK-81kg/ha,6.172801215898639
89,59,1,6.26842813871888,71.59918249623767,20.463192407398903,Rice,Compost-167kg/ha,3.9529312825763956
41,13,15,5.837604715954995,55.2898373372771,19.190384486250643,Rice,Compost-233kg/ha,8.383105135427774
76,88,8,6.078289261275695,78.86339648751375,24.106574996172043,Cotton,DAP-284kg/ha,2.655526760626456
50,83,72,6.619762347720932,53.676157065554385,33.1687509574453,Cotton,Urea-265kg/ha,5.181643637816901
62,1,37,5.145469433553533,23.444347260378887,17.08960633507916,Rice,Urea-160kg/ha,1.1229205278347199
95,69,74,6.787983513134371,68.34312586700398,29.40535847894791,Maize,DAP-408kg/ha,5.335140902096729
51,16,53,7.721729317199945,25.51477258946496,28.745660088262554,Rice,Urea-469kg/ha,1.5025439878882696
95,88,55,7.540643719160636,88.51551070193334,16.91508397326715,Maize,NPK-301kg/ha,9.799511606853793
3,27,85,5.115599618775095,65.18046151623173,33.451448098116,Maize,Urea-428kg/ha,8.115329157853715
93,65,96,5.096997878965896,24.148349520125883,26.36944404313639,Rice,NPK-379kg/ha,5.411003289728098
22,34,99,5.572697470979653,96.61042517330861,22.274510422713686,Wheat,DAP-287kg/ha,1.7792862236141525
14,4,86,5.944298905364149,56.652891700178856,30.13077166990613,Cotton,NPK-128kg/ha,6.332008967113729
42,64,44,6.133822325633931,16.56086066844895,20.14730916803268,Soybeans,Compost-435kg/ha,7.828873756316898
28,39,33,7.218788867333381,66.41496139735605,28.87019674092641,Rice,NPK-99kg/ha,2.7164552770427077
35,75,8,4.726721728663342,32.78790163115292,15.794224151444944,Maize,NPK-272kg/ha,6.113875067087418
12,55,87,4.6386908169042655,82.33241066895722,31.78816075218544,Rice,NPK-315kg/ha,8.327898085445812
31,35,7,6.067642251775636,83.60398662095716,23.96341694042637,Cotton,DAP-422kg/ha,7.914229998816847
70,44,6,7.288654768551922,98.10526202691956,27.733858287158835,Maize,NPK-448kg/ha,8.226928160804377
58,22,35,5.27374137182593,55.16825779220533,19.424756396133674,Soybeans,Compost-285kg/ha,8.913910823827479
85,46,17,7.066017925025006,50.94611917549634,28.541474253168957,Soybeans,DAP-454kg/ha,9.439138919435232
27,30,2,5.539312551761197,77.81280449018325,30.444805517865532,Soybeans,Compost-300kg/ha,4.649690396831824
65,10,27,8.044344435254065,21.92235907077339,24.464263737687975,Wheat,Urea-474kg/ha,6.118921922705895
41,9,69,8.082759777066466,59.222396241381176,27.354538481235885,Maize,Urea-350kg/ha,8.115935734410497
44,66,43,5.6891488171253055,59.162284011776585,24.12651847644797,Maize,Compost-331kg/ha,7.274258325512049
61,13,20,5.4199750158529625,18.052581052934848,32.88182738515691,Wheat,Urea-100kg/ha,9.959682054379408
56,79,27,6.145215888264925,47.61856769562222,24.957383610286385,Maize,Compost-101kg/ha,1.1230988599417973
5,73,53,5.462126340720594,86.79563187104817,31.83617418057638,Wheat,NPK-356kg/ha,4.196198937842116
27,92,53,7.189535373166814,87.05382597951943,31.02704116540497,Rice,DAP-319kg/ha,3.5292513364318223
27,9,64,7.804258738193142,18.93138984277129,23.21009642696713,Cotton,NPK-254kg/ha,3.3608426514898113
43,75,99,7.192368523644868,18.164879447304777,19.6016898371495,Soybeans,NPK-268kg/ha,3.002768042489972
83,93,20,7.797401788997398,33.642592930174175,23.12164265119542,Wheat,NPK-234kg/ha,7.382114567337061
29,0,98,6.0879686488298965,88.72894562985941,31.524347515504402,Wheat,NPK-227kg/ha,1.7628352594778967
61,4,12,5.125267882835443,21.601232656614904,19.552650716387845,Wheat,Urea-63kg/ha,7.674479505490045
74,19,56,7.451803789590368,74.79971223647016,25.488726917154985,Rice,Urea-236kg/ha,7.240832578146461
91,7,48,5.9418980205662155,19.10490576517929,31.12193495921495,Wheat,NPK-308kg/ha,3.2572371925080676
88,42,53,7.18508330091653,66.08240683730429,22.069549502567575,Cotton,Urea-89kg/ha,3.275504048486451
61,75,9,5.582575767927063,42.04605692072303,27.84419274005395,Cotton,NPK-174kg/ha,6.65974526810052
96,0,52,4.82491853922669,81.00225666692803,19.91263148097629,Soybeans,Urea-467kg/ha,7.859539949353101
0,56,43,8.470327181951053,31.032140394282724,17.185588907363197,Rice,Urea-400kg/ha,8.888370517786289
26,63,46,5.124806031722397,67.52816464509638,30.887684501857127,Cotton,NPK-399kg/ha,8.669256074690281
61,83,52,8.453683975853924,31.211428111829644,16.979372468174137,Maize,Compost-70kg/ha,9.683946947474679
76,27,73,8.40911973026579,74.22942548009384,20.42762790159169,Maize,NPK-330kg/ha,6.232464058028601
2,36,45,7.675272415632159,88.6310231104674,32.102188439948804,Maize,Urea-427kg/ha,9.177900052063237
69,46,12,7.13769184832799,21.412161921408405,21.929385741573345,Wheat,Compost-74kg/ha,8.276619459343697
71,75,36,6.811228201004338,87.99361197359532,34.46090699028322,Wheat,NPK-152kg/ha,9.052008618826122
26,36,23,7.964406181511339,63.421772897286814,34.59468669547719,Maize,Urea-285kg/ha,1.1046394115682996
8,48,1,5.657758086477951,21.439944178032157,20.365520409071134,Soybeans,Urea-362kg/ha,9.6931269267923
61,43,85,6.370724849939508,48.47876698237408,15.819564444997809,Soybeans,NPK-321kg/ha,5.261771465618304
36,55,80,6.977559877466008,24.47742641365881,29.10126568410758,Wheat,NPK-381kg/ha,8.183646906173585
96,27,99,6.144761903477964,73.03130999799126,24.019730052966874,Maize,Compost-331kg/ha,2.1448370740400278
50,78,13,6.209945816361072,78.29813209761546,17.015056879191526,Soybeans,Compost-186kg/ha,4.563469862325767
43,5,9,5.821138670008338,19.521686824551907,29.150456379560858,Wheat,DAP-408kg/ha,3.443145967188918
23,60,34,6.756927266738144,55.55258674251799,15.623498182238425,Maize,NPK-80kg/ha,3.624928934508433
78,19,24,7.902298112060464,83.31625504233254,32.403933809844844,Rice,DAP-197kg/ha,2.1093005795579356
58,77,2,5.306113512025251,94.25467373958969,17.773050582266073,Maize,DAP-332kg/ha,8.251874492887062
31,1,16,8.237732155013767,56.2166080067593,17.5462375749345,Maize,Urea-390kg/ha,1.0831808312297033
95,72,11,7.256350614992918,95.52513012502664,18.51344595937169,Cotton,Compost-212kg/ha,3.8125491128668223
87,36,53,7.793092850720121,58.212007341042685,34.20532716984133,Cotton,NPK-199kg/ha,2.569694888947735
51,19,23,6.724762770520046,45.47714451399172,28.86338720507692,Rice,Urea-304kg/ha,6.301350465475064
61,25,28,7.6180668056962535,86.3382815697606,31.027430709272735,Rice,DAP-448kg/ha,3.2882716235308944
57,28,42,4.564801589357868,54.368443941228016,22.95269971465506,Maize,Urea-147kg/ha,3.330986090752897
51,0,24,7.773521699118141,52.471225950807074,21.72625455009911,Soybeans,NPK-181kg/ha,5.395043295957868
11,34,99,4.6605554363414665,54.128124046884544,19.689680135663398,Rice,Urea-361kg/ha,6.874201354068331
38,69,59,8.05965350545145,86.21065016827708,24.612960566248177,Maize,DAP-146kg/ha,2.091742341086473
1,58,89,8.467850988954574,84.8747387519247,26.036574670683372,Wheat,Urea-339kg/ha,2.5796030721894656
2,68,64,5.676269848707111,46.31679931961901,27.635496873055107,Cotton,Compost-276kg/ha,3.2245727013506587
55,32,83,5.341274225143175,39.99698738834725,20.14237007997389,Soybeans,NPK-205kg/ha,9.763733927061645
80,50,27,7.561453455432163,54.27352216352163,33.97308161805981,Maize,Urea-211kg/ha,4.574372499486283
58,77,15,5.5121053636810124,61.549525876339814,18.395169964142717,Wheat,Compost-380kg/ha,6.390910815679239
1,11,46,7.962249532688814,31.450348956519726,34.31306349532825,Cotton,NPK-254kg/ha,3.173885314443801
1,19,80,4.911370368629907,81.45595762440315,15.297122450150075,Wheat,NPK-426kg/ha,5.414135726417391
91,52,91,5.0038207855174335,53.78344891591806,24.622513836336914,Maize,DAP-499kg/ha,1.6670725694736226
53,87,57,8.416606220402462,40.064099357796366,21.667356762331256,Rice,Urea-166kg/ha,1.3126793133009425
86,42,75,7.195355593080018,19.613889366759153,23.982468278605015,Cotton,NPK-342kg/ha,5.218601741393142
95,97,26,7.887548897715812,31.496064436324623,26.41329157961578,Wheat,Compost-253kg/ha,4.587933587665709
96,88,52,5.7973175094060725,95.43530545803853,23.71178316025418,Rice,Urea-238kg/ha,2.231922877226449
0,49,41,7.205934998082418,37.458971813757394,23.2969370060319,Soybeans,Compost-372kg/ha,7.188412860286603
18,28,58,6.876967309234389,25.19733604303318,29.654468308266132,Maize,Compost-229kg/ha,9.93613141809338
1,56,46,6.912600480491788,51.460551248949386,28.71752550172929,Maize,Urea-230kg/ha,4.560821390770412
52,38,93,7.230129838150886,37.63789690242238,31.665425640716958,Cotton,DAP-230kg/ha,6.62102772325655
43,94,33,6.801436692516394,13.164332524407474,19.99917962478991,Wheat,NPK-332kg/ha,9.66678348128037
89,55,36,6.216249477210663,39.08306955514755,27.19057019508127,Soybeans,DAP-155kg/ha,8.483814752021878
31,42,5,5.603690777522187,58.96977615455217,26.70389570785708,Cotton,NPK-311kg/ha,5.171970009724172
69,49,6,7.574325323652808,59.654113481797026,22.394756217453775,Cotton,DAP-211kg/ha,7.637405360139274
31,22,95,5.405089720012745,42.090302905919984,24.721150838053617,Wheat,DAP-496kg/ha,2.1532153622547163
67,43,95,7.269417224617657,50.25724806273406,21.275642866114573,Soybeans,NPK-262kg/ha,5.608934699174193
54,37,24,5.433331290597307,96.89661264112898,17.836887952339705,Wheat,NPK-323kg/ha,3.511542494619429
74,83,32,7.001320679817816,43.961362950728045,19.276024213254658,Maize,NPK-324kg/ha,2.45047319106545
55,22,54,7.488313068516115,33.24041319339847,17.11027292802402,Rice,Compost-382kg/ha,4.836528156290814
16,44,57,5.374855555626157,31.912033966008412,28.661391503802484,Maize,Urea-165kg/ha,2.17913098990253
37,51,6,4.739773203445234,51.19881514337207,28.214547862183032,Maize,NPK-74kg/ha,7.29086597357037
23,79,56,5.023894971976697,78.35681338452497,34.012127431597456,Cotton,Compost-382kg/ha,5.1061603964800195
68,49,11,6.923987869084102,28.538936576962588,29.593568272944825,Maize,Urea-496kg/ha,5.780301693081975
97,7,15,7.897785624902943,73.83665144266912,16.04091677512263,Soybeans,DAP-493kg/ha,2.317383448013413
69,84,79,4.6799872849416975,11.903484101447466,32.68490347857909,Maize,DAP-354kg/ha,2.25794494984145
85,0,42,7.4366050361665845,47.703968018555145,32.25350325891452,Soybeans,NPK-471kg/ha,6.250738917341117
10,7,99,5.8652745838002085,79.82785586825082,23.866406415453973,Wheat,DAP-485kg/ha,9.865087730465017
15,28,76,6.41411347967809,40.48596601969883,26.71726101055843,Cotton,NPK-217kg/ha,1.8662552491395306
96,95,6,8.215438199382262,60.73633913008595,34.52156664945038,Soybeans,NPK-70kg/ha,3.5715828570920314
72,4,99,5.827886018943381,28.448130954331972,25.646087276963325,Maize,Urea-64kg/ha,8.825132048840988
58,85,50,6.361347735757944,76.7795852013555,33.1064365675218,Cotton,Urea-353kg/ha,1.6504481102971325
69,46,72,4.554729659042724,14.705119294188366,16.66077515620373,Cotton,DAP-465kg/ha,8.882971492302563
79,33,31,4.826394880019354,86.72883803879503,18.821037374173656,Soybeans,NPK-245kg/ha,5.718573850372761
92,64,74,5.534366364539136,27.837674777950134,23.815098868826357,Soybeans,Compost-350kg/ha,4.674400965337833
2,54,7,4.611408963284298,88.69582285374976,26.695136166746096,Rice,Compost-437kg/ha,3.787125079163103
19,89,96,7.0255013041930034,41.72763171704656,31.324557037256003,Rice,NPK-498kg/ha,3.674054423150577
58,42,86,6.20559342720649,75.04152170270379,34.76524230286374,Cotton,NPK-250kg/ha,3.752223242045309
35,73,88,6.692580810912088,38.73027680075696,22.777029929482328,Rice,NPK-385kg/ha,8.963227728641762
18,29,71,5.198588743585319,91.53205041111828,15.948312722801699,Maize,Urea-359kg/ha,7.51415707157307
89,81,44,5.6837281177464645,21.397341296653693,31.023430065906496,Wheat,DAP-224kg/ha,7.027507070480355
66,16,85,7.1552978994109,26.066781034533882,27.087614381656163,Cotton,Urea-115kg/ha,8.188742340568007
18,25,58,8.3612108945216,54.37271126429221,18.97085717736403,Wheat,NPK-414kg/ha,3.314031967037305
19,7,3,4.701667094408837,17.374459513433152,24.896569132428404,Rice,DAP-295kg/ha,6.562385308735801
95,46,66,8.061537283421064,27.638216623158574,29.846204910674487,Soybeans,DAP-286kg/ha,5.140596150621558
70,75,28,6.807524805244833,94.93897439908129,30.408235741372877,Cotton,DAP-100kg/ha,8.04197471680174
51,90,28,6.755678267022494,97.88406950330985,24.992368239975242,Rice,Compost-408kg/ha,3.7833049942595696
32,71,97,6.501114140831041,43.86333963973797,21.104290602577183,Maize,NPK-129kg/ha,6.788607551829061
39,88,97,4.777576343616733,93.0957418912542,34.47485164076987,Cotton,DAP-194kg/ha,8.939911706355822
38,45,27,4.859507406944642,59.03422081060886,28.26725221912986,Cotton,Urea-204kg/ha,4.619354285754358
81,67,76,6.903648022636345,34.27682192863904,23.164750386925974,Soybeans,DAP-386kg/ha,1.599598786307153
0,32,78,5.863834285742233,73.21588489725389,20.609264484093046,Cotton,DAP-374kg/ha,5.644457401076135
10,0,86,8.169072266310723,69.30116259173715,29.622059660071244,Soybeans,Compost-192kg/ha,4.113752390263233
91,18,43,6.126362149437889,99.021278719786,19.843668911875355,Rice,Urea-83kg/ha,7.050028424924575
56,30,89,5.073125834810565,33.8542558668355,18.434199779473765,Maize,Compost-441kg/ha,9.559296322737454
88,79,3,7.358875334008144,70.48535523955618,25.596677779241404,Maize,DAP-187kg/ha,5.370474861971623
49,13,89,5.673413685764039,14.682137952650221,20.799747852882838,Cotton,Urea-54kg/ha,5.195712071399805
22,52,8,6.601881229423572,20.228143482704745,27.578102898472302,Cotton,Compost-225kg/ha,6.8912632017231426
30,47,4,7.29133114202068,10.352653745598394,17.35877349748467,Rice,NPK-459kg/ha,1.9314775323421092
93,68,55,8.101056444808282,99.95146129537058,28.09882209134643,Soybeans,Urea-413kg/ha,3.2815557003251317
41,89,95,7.668764779206704,82.204632743273,20.665930559954045,Maize,DAP-367kg/ha,9.270813929503587
98,61,83,7.205444271490896,80.80507132601868,15.004858688690256,Soybeans,NPK-442kg/ha,7.029483520273896
6,91,49,7.218532729580574,55.87534677593617,17.53872115348353,Rice,NPK-325kg/ha,1.1209963958507463
15,65,74,8.283698576128346,37.0060374614896,33.67230755670188,Maize,Compost-141kg/ha,2.841629253031179
89,63,14,5.683296389986144,23.613785601640835,32.34709278230716,Maize,Compost-490kg/ha,7.145535394260092
59,69,31,4.504448376784749,35.62072649618173,19.672180640724736,Wheat,NPK-201kg/ha,7.8795928230631676
1,62,27,5.587818237592795,43.83740997362252,30.567438090909825,Rice,Compost-338kg/ha,8.558736154066377
0,72,21,5.371565518506976,78.06790872822647,27.171431863479484,Rice,Compost-493kg/ha,3.629591230438404
47,32,16,7.147338340455993,58.56956100128372,34.41809422899739,Wheat,Compost-369kg/ha,9.379257366498063
11,40,58,7.034846399062117,16.97352638999344,22.47211319068118,Soybeans,Urea-413kg/ha,5.976522042201031
68,88,89,6.873845530818896,11.622610806302102,28.629212250343425,Wheat,NPK-414kg/ha,7.268851201491036
36,47,70,4.564973772837815,19.209896158065682,16.270714448478373,Rice,NPK-194kg/ha,6.370649765019172
31,12,56,7.41511221780259,46.94488423276414,22.92494693632812,Soybeans,Compost-63kg/ha,2.1046604920715843
8,72,25,5.794121649941966,93.98736253441164,34.27635322376361,Maize,DAP-120kg/ha,9.668031934463919
98,76,24,7.160223956026524,67.36622330882994,25.779617489002412,Wheat,DAP-244kg/ha,2.105880219047374
18,30,9,6.726313714008613,82.16433098879637,20.757590066696892,Soybeans,NPK-349kg/ha,3.2939376077006526
47,74,44,5.870923701711629,51.97371350540937,17.40541926257214,Soybeans,Compost-416kg/ha,8.322650922006822
79,67,82,5.038305068416431,42.54994748755385,29.07056680363061,Soybeans,DAP-155kg/ha,6.567372653509913
2,97,10,4.877675590641924,19.756033544496045,27.897120868594534,Wheat,Urea-430kg/ha,8.543342488387212
19,3,76,7.826073332448894,88.83397199675845,22.47877427207549,Maize,Compost-194kg/ha,5.641625695366404
23,18,52,8.173590168326232,80.48440261251126,34.01882703731668,Soybeans,NPK-269kg/ha,4.392939118299713
53,69,71,7.099152187057198,25.13062878379526,15.444056259757007,Wheat,Urea-473kg/ha,9.296609495930065
32,97,67,4.9137364594419335,56.103450748863445,21.074477032636516,Rice,DAP-223kg/ha,1.3262708576331537
23,81,94,6.1081088675529625,53.86373271291204,33.42138972599163,Wheat,Compost-142kg/ha,8.705171983177413
74,12,27,7.415756800420629,66.25823974178758,21.418708766388807,Wheat,Compost-471kg/ha,3.0773600666900345
71,22,74,7.619283536040273,95.1568204592135,20.045056677103407,Wheat,DAP-78kg/ha,8.63862694978571
35,82,64,4.972874489164354,62.179429758623165,25.684408198624947,Soybeans,DAP-396kg/ha,2.2527695207519702
37,74,48,4.50012287538153,58.619554010075674,31.476034998410757,Wheat,NPK-468kg/ha,6.221970673214864
83,0,46,7.34854818352242,14.529063964119755,17.062935217567222,Rice,Compost-119kg/ha,8.992971271103247
98,87,51,5.926384703944823,15.661672841622154,33.860414192914725,Soybeans,DAP-328kg/ha,5.261856822090015
88,53,87,5.517925326473041,26.861211219411,30.90145762362328,Rice,DAP-351kg/ha,7.7191000642305365
98,70,53,4.551589879158102,12.922369452257346,18.62500511103104,Cotton,DAP-221kg/ha,8.242044560700027
24,88,59,6.661197627045999,76.90176060130112,29.240159223963254,Wheat,Compost-229kg/ha,7.628447878451013
92,84,56,7.904602941703927,75.09972735945668,22.699174452751144,Soybeans,Compost-232kg/ha,9.327967631871385
17,14,46,8.330526585090352,22.245061098847863,23.045893561526373,Soybeans,Urea-254kg/ha,5.021508074679358
81,64,30,6.762979802453157,85.24710107157529,30.665801848777328,Wheat,Compost-298kg/ha,2.5581289524864017
65,75,45,6.557845310959577,23.930743136150078,34.255696159614644,Maize,NPK-208kg/ha,1.430299573322318
53,70,25,4.840225541956965,37.1058028297623,17.533117456943877,Maize,Compost-481kg/ha,3.2181388267375457
34,14,4,6.695491206170399,32.407920924522855,23.412604737576387,Rice,Compost-366kg/ha,2.288777534922179
79,20,83,6.019916315861579,43.5076388715743,24.618832161686072,Wheat,Compost-357kg/ha,6.021538672910324
60,18,51,6.928541123534307,32.91973893009657,22.526236339099952,Wheat,Urea-85kg/ha,2.6645080349055883
40,59,74,6.054905391506187,54.00558337946069,22.2637824743245,Cotton,Compost-136kg/ha,1.3504033656043406
99,92,53,5.4611964938014665,46.66670932192169,16.04537335123193,Maize,DAP-134kg/ha,1.3239084598180106
32,88,32,4.879861100913506,98.79125417013938,28.710772411252464,Maize,NPK-214kg/ha,8.484125485283755
67,32,49,5.759673778355583,15.03337151154031,23.724288342400907,Wheat,DAP-139kg/ha,6.323049382987223
32,48,37,4.886579337151009,22.796323874861645,18.895876052878535,Rice,Compost-287kg/ha,4.222767717040403
13,95,26,5.207587803295936,14.754330451774223,31.320670046041368,Wheat,DAP-71kg/ha,9.048052384662222
20,34,97,8.449344634318184,66.32570754841382,31.051214963032557,Rice,DAP-264kg/ha,1.6317695026694223
47,43,14,6.276414227626475,14.905834967234762,24.727832561777877,Maize,Urea-79kg/ha,9.822898654550434
19,89,95,6.627487066020066,85.27957636385109,20.969013222955212,Cotton,Urea-155kg/ha,6.5466261122901495
7,10,60,7.994474114948861,56.074476761373504,27.76185451592905,Soybeans,Urea-379kg/ha,2.651178285719636
6,98,20,8.482275601962751,57.43068621233803,20.76304271554806,Maize,DAP-399kg/ha,7.111621890792717
66,71,45,6.830857797378727,60.543505694097476,19.720158606474243,Rice,Urea-376kg/ha,7.870431338052064
16,77,68,7.749895284176686,25.373233567558966,29.61029308052653,Wheat,DAP-246kg/ha,4.86408505033697
32,73,5,5.807764097346701,27.79212728030388,15.806504794419014,Maize,NPK-95kg/ha,8.754693456209926
47,65,37,5.722975829789164,38.69355905857042,16.89536942069188,Cotton,Urea-446kg/ha,2.356591665668233
75,45,61,6.110814883978241,63.41467742396663,15.135763480471795,Rice,NPK-313kg/ha,3.509538252198475
58,8,85,7.190029050694596,28.91059983461931,18.058863729508523,Wheat,Urea-465kg/ha,1.841431254255908
85,2,61,7.228766757020395,20.46985544199351,16.37980017420919,Soybeans,NPK-151kg/ha,2.8979005654661694
21,84,81,5.760957738597803,97.3105197776589,34.91604735559837,Rice,DAP-384kg/ha,3.1485593072003053
29,25,77,5.032839696546515,11.978363332866062,20.77619939908179,Wheat,NPK-225kg/ha,9.258698718295392
37,71,73,7.029585025862034,82.24276648024194,17.985360253384947,Soybeans,DAP-345kg/ha,1.7029871987604057
50,47,45,5.0133034487550585,80.92316346175198,19.81992515991836,Wheat,DAP-133kg/ha,4.846736081689385
53,65,12,6.81397003291732,36.74927024605864,33.7225114308027,Soybeans,DAP-404kg/ha,5.791588185042217
7,69,94,7.273688512225236,22.206395440658206,25.403204460487913,Soybeans,Urea-170kg/ha,9.088237484219448
26,27,93,7.3024459855778066,23.106578203488105,22.29636192615714,Soybeans,DAP-441kg/ha,9.979265967950921
26,92,2,7.513888442638387,72.76884555134733,32.46782915818439,Wheat,DAP-177kg/ha,7.780493034278522
97,25,93,7.991437686262659,67.85259319775562,22.899805410980647,Soybeans,Compost-416kg/ha,9.737118915121265
20,24,5,6.499835967859154,80.44711068262481,21.700171399153916,Rice,Compost-350kg/ha,8.083910192822863
29,11,92,7.420996758118285,94.37330551591943,19.14565045099471,Cotton,Urea-229kg/ha,9.66882376874275
96,4,7,6.976690941463347,72.27346269399328,22.55593647818823,Cotton,DAP-131kg/ha,7.365436533500096
27,97,43,5.24655975919073,24.02663828962991,21.33368712033852,Soybeans,NPK-73kg/ha,1.7178708290596396
63,47,32,4.602758579477633,31.90983550888696,28.54607918596282,Cotton,Compost-319kg/ha,4.617281682934088
96,36,80,5.6381655427077355,85.79743577858031,20.791654093414543,Cotton,Compost-119kg/ha,6.819375554222233
68,78,74,6.272134825350477,28.83754682507877,26.543994928451227,Soybeans,Urea-425kg/ha,4.156466585088259
60,43,76,6.968423777714625,16.527008525903327,16.317843300639453,Soybeans,NPK-238kg/ha,3.4604552630240075
47,99,49,7.8998373220128215,73.29520486380254,18.825783133930287,Rice,NPK-266kg/ha,6.196593404197818
18,14,10,5.284982866824663,46.22737199411279,23.148105432226977,Maize,Urea-431kg/ha,9.401516890321915
3,42,94,5.002199159593909,92.80360472913132,33.73898507817391,Wheat,Compost-190kg/ha,1.314836861645382
34,47,27,8.35391978989731,68.52295639842953,22.54503971431391,Soybeans,NPK-81kg/ha,7.923080831872939
63,86,69,4.932178237505628,18.137708001249468,28.28148242399668,Soybeans,Compost-201kg/ha,7.504545502401644
48,69,40,6.413964280428757,95.30709105282946,20.101744448427965,Cotton,DAP-309kg/ha,9.675580828494583
16,45,15,6.842254915173207,33.27015372762213,17.540671519464635,Rice,Compost-328kg/ha,9.376401000992892
43,42,67,6.665497683629753,40.34912413656572,16.170732001601003,Cotton,NPK-147kg/ha,7.8600930583977355
91,20,98,4.844128628131773,46.203437231518784,21.108269970855027,Soybeans,NPK-79kg/ha,5.683678882143388
29,22,47,4.728107656014478,14.610186676388192,18.15322053593816,Soybeans,Urea-197kg/ha,2.838407979101679
92,79,55,4.921933709844143,54.686388000754434,18.480208960322486,Cotton,Compost-116kg/ha,5.907121464930169
45,46,63,6.8423507354904505,21.0986641967763,30.215186167739,Soybeans,NPK-406kg/ha,7.8881679452768845
5,14,58,6.677379550537284,46.087329401951656,15.316761418897485,Maize,Urea-477kg/ha,9.061022913741038
98,24,89,5.434963168146977,41.563880919287584,26.15620251470869,Wheat,NPK-328kg/ha,8.107408082894942
36,35,61,7.051096567382366,79.55560750838531,22.589227611869298,Wheat,Compost-492kg/ha,2.757402416719486
23,74,75,7.7802700082225975,82.2853460469458,25.130999998170942,Wheat,NPK-402kg/ha,6.397176828052535
92,50,10,4.666315839386375,23.80715941501792,26.25660474429206,Maize,DAP-177kg/ha,3.989561135782213
45,14,88,6.49251977419217,42.98960686413036,21.267353889145564,Soybeans,NPK-258kg/ha,1.0828510065157868
52,67,17,7.257241648410761,43.60178449286485,20.902177203685707,Cotton,Compost-235kg/ha,2.8019884220979945
94,20,18,5.509247708278748,23.626939954247653,29.668036986698112,Rice,NPK-221kg/ha,2.0189858494010435
98,12,86,5.731083621172596,81.86081545460715,32.42553976242314,Soybeans,Compost-254kg/ha,8.584472111855217
59,85,54,6.954551611957536,73.65054955018809,18.851632649170558,Maize,Compost-184kg/ha,3.326556269330308
96,18,81,8.091741173774947,27.134360766733124,16.95237521070298,Maize,Urea-58kg/ha,3.5622817199879995
62,33,25,7.739697681211597,43.004971773441916,32.95591612784052,Wheat,DAP-210kg/ha,9.639429146189958
84,77,5,6.832520876398334,19.522452237086277,21.99790927294797,Soybeans,NPK-389kg/ha,4.411780507439669
31,67,3,7.420886871028997,66.53859373837395,26.026347813256283,Wheat,Compost-370kg/ha,1.086270761299551
86,51,28,5.959289880831195,20.92347320937577,22.19086289040007,Rice,Urea-155kg/ha,3.554615335115229
32,26,58,7.0638621123950305,98.7340751762426,17.516046726921026,Wheat,Urea-390kg/ha,2.0736962254163123
66,28,97,6.364726364510227,80.26138672190761,26.78663289895456,Rice,Compost-241kg/ha,1.9252770556226855
17,27,16,5.259744545830244,45.12146946255955,25.502817035392592,Maize,NPK-360kg/ha,1.6973856112217456
24,34,42,7.306953095509028,62.0707539051419,19.059871183823944,Wheat,NPK-322kg/ha,6.339335231578396
94,7,79,6.725858549395288,92.02076345947678,24.037380893045558,Wheat,NPK-237kg/ha,2.704129512668728
53,15,65,5.934486327814366,59.86893523562435,30.938950080312917,Cotton,NPK-180kg/ha,4.251185146369094
57,35,33,8.145356760314524,25.704863775815966,26.808522062157827,Maize,Compost-53kg/ha,8.75815944517015
66,29,7,4.583736471306933,44.083302002304336,16.938346541339897,Cotton,DAP-312kg/ha,4.819043258166481
45,17,12,5.7630926049979845,85.88303785267709,25.9604299445827,Rice,Urea-73kg/ha,9.241222150464738
23,1,7,4.727525591110586,67.97917143906561,29.05476598579174,Rice,DAP-315kg/ha,5.481442480560457
31,48,93,7.566109264886508,68.56519459004203,30.85406811561503,Maize,NPK-318kg/ha,4.589529533557801
46,76,95,7.30842981645517,88.01393371196403,27.582351572685333,Rice,NPK-221kg/ha,7.753500343816315
85,3,99,5.825408874945268,90.45757517162542,18.053163290815675,Maize,Urea-344kg/ha,1.658575888912019
22,89,93,7.202651608828292,92.78133146014926,29.203465331803216,Rice,DAP-484kg/ha,1.8053054468417566
65,88,64,6.0837489047838,18.53642739278405,28.546836921630327,Soybeans,DAP-125kg/ha,6.867763425306646
26,93,42,7.525015165689737,58.97134017667908,15.488537658812664,Wheat,Compost-263kg/ha,5.382466419153234
1,74,38,6.316734650946824,76.64585690964867,23.23495335180486,Soybeans,DAP-425kg/ha,8.113737252872891
89,6,80,6.149118911326662,78.12341606143124,21.659004939247467,Maize,Urea-351kg/ha,9.246437536091783
16,94,58,8.238919661953204,64.60445817730034,28.38824128507287,Maize,Compost-198kg/ha,4.495301899043928
32,73,83,5.503516399562801,25.010860166530676,19.322716246218413,Soybeans,DAP-429kg/ha,6.367690239261816
8,38,87,4.981789359986262,81.76784985474978,26.81743845948517,Wheat,NPK-353kg/ha,5.506269650157789
42,12,85,6.838172453037833,74.81002001634512,33.26411923628345,Wheat,Urea-107kg/ha,9.834495900781896
47,30,92,8.377287249136716,17.752219439413267,30.956047444172157,Cotton,Urea-157kg/ha,8.479759666209358
38,70,85,6.011356854908747,51.74288422069387,33.42915472433061,Rice,DAP-278kg/ha,9.205639374496181
92,62,43,4.748147054515126,25.65796595696232,34.5701193386538,Cotton,Compost-368kg/ha,3.2890607881984377
41,55,8,5.857221069238269,40.37293411416747,15.213402540123255,Wheat,Compost-264kg/ha,7.952737808463349
25,41,36,6.523726617278234,11.62729829851169,27.454825527549552,Soybeans,Urea-303kg/ha,3.3892590249788404
98,60,73,5.147692026528855,46.02968815696824,23.25678795517813,Rice,NPK-407kg/ha,2.878682800855509
49,41,35,7.132408872225968,59.48892290405894,32.19708980670244,Soybeans,DAP-230kg/ha,9.498395436899958
24,55,91,8.490997556040803,65.76243335443782,20.036294040182632,Cotton,NPK-495kg/ha,1.1737397504607998
23,35,27,6.306957903925776,69.71413106158391,34.62058978230152,Maize,Compost-271kg/ha,9.688498332970866
12,83,41,5.918914226920851,85.2662181792214,27.274159390874946,Soybeans,Urea-446kg/ha,2.3433570728992557
59,67,42,6.1028166673378665,29.391661654815703,30.87074804457662,Cotton,Urea-98kg/ha,8.374942736139413
6,6,84,4.960584713580804,20.843364019462115,16.711991056455368,Cotton,Urea-489kg/ha,3.4833029776129276
56,53,87,8.033094405704896,86.6383454708133,18.6691576951773,Cotton,DAP-441kg/ha,4.156320946876546
35,0,41,6.1593026220854075,24.09515334033849,30.168073460684063,Maize,DAP-323kg/ha,2.9508194018978644
44,43,65,6.049097645699366,97.72840732025757,15.439730440786473,Maize,DAP-266kg/ha,6.269626382329717
19,44,54,7.138761091721897,85.82844064587732,31.337559717875656,Maize,NPK-209kg/ha,4.132859927570866
64,46,71,6.2681336837244945,55.07889453006392,15.278980373838229,Rice,Compost-457kg/ha,6.916537355451969
7,12,47,7.092933875231385,98.32792824298227,28.142376781225465,Maize,DAP-318kg/ha,1.1408258614785938
15,21,90,4.74578516052315,18.76390561972038,22.301878404636117,Maize,Urea-417kg/ha,1.5793739516353567
13,20,21,7.75489337488891,37.27591850575915,27.229897054383983,Maize,NPK-405kg/ha,1.896950374581238
75,85,26,8.26201581151761,67.44019735365504,28.920628139782274,Soybeans,Urea-91kg/ha,4.77094316779208
86,91,92,7.095061544637543,41.500618162586086,21.849504383726085,Maize,NPK-208kg/ha,8.333165553939786
14,8,66,8.318263715435243,93.55352967827126,17.15924896221671,Rice,Urea-415kg/ha,8.993601193405445
91,25,12,5.105729257479853,15.90634793600358,16.392917354965313,Cotton,Urea-381kg/ha,3.203296660548107
97,8,44,6.409664757921415,59.44706488548681,26.778720451250955,Soybeans,Compost-140kg/ha,6.1693275181511265
65,14,9,6.9072269357817895,63.1779640655603,25.41310707468223,Wheat,NPK-174kg/ha,7.915284934233404
31,9,99,6.826946589684747,68.74553113995017,29.84402018242265,Maize,NPK-175kg/ha,3.599464869276478
86,87,8,6.105847116356173,33.0099600998633,25.19471020007874,Cotton,Compost-453kg/ha,4.6810696306264585
62,41,53,5.8523376374650455,42.8109784767878,23.448915800617584,Cotton,DAP-410kg/ha,5.715767824171426
85,71,26,5.007296090201676,85.93124766984799,22.961743564724618,Soybeans,Compost-236kg/ha,2.213873617672429
50,23,33,6.066969802249113,27.544849207314385,15.52893805195335,Wheat,NPK-63kg/ha,1.2338406435320228
24,79,0,5.1506432604219405,84.41810624560259,21.711144033933145,Rice,Compost-153kg/ha,2.3752522838645493
57,48,31,7.437462705968874,60.63898806124681,34.520403150489884,Cotton,NPK-353kg/ha,6.641682591281801
62,25,88,5.33532374197836,78.59687600746739,32.471111524541776,Cotton,NPK-476kg/ha,1.662564353803135
61,90,92,4.734261221138135,74.22466296371243,21.587561340684353,Cotton,Compost-159kg/ha,2.707267283651155
21,36,70,6.709464551268937,28.676034584639112,26.755908101327442,Cotton,DAP-102kg/ha,4.0406849712577335
57,67,66,6.880918930877606,61.193146279048555,31.94593491070988,Soybeans,Urea-52kg/ha,1.700830578757297
57,49,83,7.987652245122022,88.09508375245831,23.825486735001373,Wheat,Compost-295kg/ha,2.72529344045471
85,23,19,6.8079264496707275,48.89046131217364,15.35915727500302,Cotton,NPK-187kg/ha,9.201428100851599
48,18,93,5.881923414893783,96.9931693200985,16.490209236372802,Rice,Compost-462kg/ha,1.1736921900428627
51,99,34,7.712047526105282,50.69935900915463,25.20785442697413,Rice,Compost-336kg/ha,6.880887317569259
41,59,98,6.661115572749685,22.850707300109622,34.38878751351757,Maize,Urea-396kg/ha,4.459680378236664
69,38,90,4.817121138524767,45.04912120699059,28.864190844377354,Cotton,NPK-470kg/ha,7.05383865489134
14,73,89,6.763402241252987,95.65321657514835,16.418323828771392,Cotton,DAP-136kg/ha,6.298225483270641
53,88,77,8.132074181686649,38.77487644058688,18.787217515837256,Cotton,NPK-117kg/ha,3.0114887891917985
59,17,16,6.085250501992882,88.12883438803566,30.426462864337,Cotton,DAP-241kg/ha,8.624885388160497
96,18,17,5.6853032075992,89.31256135137008,31.828795199124894,Cotton,NPK-137kg/ha,5.427463443484211
7,35,44,5.07387782807208,41.516787189876496,27.353891723771817,Rice,Compost-400kg/ha,8.402824170221246
52,73,92,5.10578208774143,17.493189224556893,27.888463392596332,Wheat,Compost-289kg/ha,4.654112825693973
59,96,83,6.231085937367276,75.21021182429364,15.566749007667692,Wheat,Compost-226kg/ha,9.862169985237152
4,54,52,6.882719296646118,38.03610691125874,31.57060519163017,Maize,NPK-379kg/ha,7.934404226511667
67,68,90,4.822461620678407,80.46312528318151,30.765504163416594,Rice,NPK-418kg/ha,9.693551846013161
5,46,81,8.258274356100664,49.83893634343898,20.180702882066942,Cotton,Urea-499kg/ha,5.62893831018873
95,48,67,7.520534469780784,53.67400681083594,29.17353439931014,Wheat,DAP-496kg/ha,5.2632201906163045
93,98,64,6.846495673134651,80.01184660736831,19.297092128499962,Soybeans,NPK-181kg/ha,7.7990842839273204
46,97,0,7.813754683755963,44.41269979554651,15.80660322103026,Soybeans,DAP-444kg/ha,8.922621367120872
98,32,57,4.820747027248453,49.881461079062305,19.022730851807545,Soybeans,NPK-413kg/ha,9.677312162790022
54,20,25,6.407355510932497,43.85714218926599,18.57257753508599,Cotton,Urea-247kg/ha,3.9209671542924975
39,80,19,7.020372507446654,43.0606463749552,21.754959934696945,Cotton,NPK-374kg/ha,8.18834116458375
51,21,86,7.814611624473157,57.33519192113135,23.368989943509163,Maize,Compost-206kg/ha,2.89581037871983
15,47,9,7.63387824019707,82.79195000510356,25.170777829954158,Maize,NPK-302kg/ha,5.910169120709007
12,36,58,5.608276998853599,42.559148073030926,24.535077510166563,Maize,DAP-121kg/ha,2.6186333356827927
29,14,74,8.263520678236818,57.182924848396304,20.413492119305786,Soybeans,DAP-325kg/ha,4.12657625575305
18,34,40,4.997383365723481,70.36545928983408,15.58341337148149,Cotton,DAP-313kg/ha,9.382225304858133
16,91,4,8.000534474484608,34.24955016732895,27.102032444743013,Soybeans,Urea-390kg/ha,2.314816297957775
62,70,64,8.383760998418474,34.977052441215335,22.914896596947088,Maize,NPK-461kg/ha,6.691608056216769
18,31,16,5.208614092890502,94.00718143211093,20.973443147750995,Cotton,DAP-308kg/ha,6.33658845634663
91,10,21,7.388264256815141,75.11811159979797,32.33882085661025,Rice,NPK-56kg/ha,2.0866451743808785
57,9,97,4.661142075111994,61.9468008600978,29.934866155963196,Wheat,Compost-53kg/ha,3.933811393919309
54,72,40,6.12169130055662,68.29480489785507,32.15531096744884,Wheat,DAP-182kg/ha,6.066833540637392
89,77,92,6.565133196790696,12.636949879307654,24.89965589424922,Maize,DAP-174kg/ha,2.684607480896412
89,76,67,6.822580903638537,65.62926690055272,17.618625042535548,Soybeans,DAP-497kg/ha,8.205612907715338
61,56,68,8.243748992994238,55.855798590178175,28.924428722425446,Rice,Urea-62kg/ha,9.749408585812748
22,24,10,7.189002749176779,59.11747118014921,19.121475598743505,Cotton,Urea-289kg/ha,2.9328345996622485
8,1,55,6.425111804876948,42.348144414773536,23.824593381834337,Soybeans,DAP-409kg/ha,2.682207683115183
11,63,50,7.738700145063557,17.33265079416477,16.30001577897777,Maize,Urea-489kg/ha,5.094415646177001
0,34,20,8.302131283817635,27.400531025084696,31.50616804845965,Soybeans,Compost-280kg/ha,7.729887494260289
57,6,98,4.588264594729163,95.56702418914045,17.51881282095001,Maize,Urea-79kg/ha,3.5344054921172625
0,84,75,8.430085089024155,46.78296060438406,33.0619501409862,Wheat,Urea-458kg/ha,1.1789191782755237
33,17,25,4.844528556254721,52.001484024777774,32.28461204523114,Wheat,Compost-167kg/ha,5.870985652296046
95,66,18,7.757547117075045,14.743881086809509,24.291655288784924,Soybeans,Compost-472kg/ha,9.609405109905769
47,41,59,5.62133901020565,13.380960658958253,29.887364086079813,Rice,DAP-438kg/ha,4.52149169866251
88,38,70,5.0287186310154866,74.54633023420818,27.388901476363067,Cotton,NPK-448kg/ha,4.781210987647904
0,40,46,6.25942255885534,58.42851977090002,31.061512846754898,Maize,Urea-244kg/ha,9.720115454026342
15,74,70,7.075826317790455,55.783538579464,23.63610201571824,Cotton,Compost-426kg/ha,7.251468504640555
60,23,25,6.0238073800939,31.88120773804018,30.716169684887,Wheat,NPK-288kg/ha,7.472547305579127
63,59,39,4.718261633130796,77.027565846693,24.249136341302957,Rice,Urea-293kg/ha,6.064318048339609
62,45,4,6.8978445586348665,25.14129211976427,33.81931575685587,Rice,NPK-144kg/ha,9.771482897769175
68,18,20,8.1096131044427,27.094126929491804,24.727442016502952,Cotton,DAP-126kg/ha,7.199798359830005
21,67,77,6.032861463789007,51.464095421344794,24.25238543867459,Wheat,DAP-50kg/ha,9.055294764446526
92,89,3,5.365331110523308,35.76518759007468,30.701437231270255,Cotton,Urea-111kg/ha,7.294409791598991
66,41,22,6.270309383731261,32.27166831098317,31.43155383521676,Soybeans,DAP-203kg/ha,7.616042423563563
